{"cameraMode":{"drawMode":0,"name":"Shaded","section":"Shading Mode"},"sceneLighting":true,"audioPlay":false,"sceneViewState":{"showFog":true,"showMaterialUpdate":true,"showSkybox":true,"showFlares":true,"showImageEffects":true,"showParticleSystems":true},"in2DMode":false,"pivot":{"x":2.169074058532715,"y":0.4881496727466583,"z":0.8052920699119568},"rotation":{"x":0.007884878665208817,"y":-0.5004203915596008,"z":0.004538474138826132,"w":0.865761935710907},"size":2.8029072284698488,"orthographic":false}